url	comment	scores	type
https://www.youtube.com/watch?v=hYQhnatPnZQ	If everyone works harder, diversify In different trades or money making activities and platforms it should be a good start from there. Honestly there should be a means of financial growth. That‚Äôs why I'm always excited everytime I see videos about financiaI growth. It just reminds me of my journey last year and how I made significant returns of over 5x in 8months just by making the right decision of finding an experienced lnvestment advisor . Goodluck to y'all out there trying to grow your money through investments	[0.0017319370526820421, 0.027788011357188225, 0.9704800248146057]	NEWS & POLITICS
https://www.youtube.com/watch?v=hYQhnatPnZQ	World's 3rd Largest Economy in Consumer Spending purchasing Capacity	[0.013974618166685104, 0.4177134037017822, 0.5683119297027588]	NEWS & POLITICS
https://www.youtube.com/watch?v=hYQhnatPnZQ	If everyone works harder, starts businesses, employs people India can easily maintain 9-10% growth target until our per capita gdp grows from 2000$ a year to 10-20k a year.	[0.013135991990566254, 0.2619669735431671, 0.7248969674110413]	NEWS & POLITICS
https://www.youtube.com/watch?v=hYQhnatPnZQ	India will be lucky to achieve 3% growth for 2023. Stagflation is coming soon.	[0.045079804956912994, 0.30565887689590454, 0.6492612957954407]	NEWS & POLITICS
https://www.youtube.com/watch?v=hYQhnatPnZQ	India will be superpower in 2022,jai hind üáÆüá≥ jealous paxtani üëá	[0.008112523704767227, 0.24767839908599854, 0.7442091703414917]	NEWS & POLITICS
https://www.youtube.com/watch?v=59JYFW0PVBw	France has always been a trusted friend. Vive la France üá´üá∑‚ù§Ô∏èüáÆüá≥	[0.0030810642056167126, 0.0609290674328804, 0.9359898567199707]	NEWS & POLITICS
https://www.youtube.com/watch?v=59JYFW0PVBw	*üá®üáµ‚ù§üáÆüá≥ THANKS FRANCE , INDO=FRANCE RELATIONSHIP LONG LIVE , LONG LIVE.....üá®üáµü§ùüáÆüá≥‚ù§üá®üáµ*	[0.0027594338171184063, 0.0453302375972271, 0.9519103169441223]	NEWS & POLITICS
https://www.youtube.com/watch?v=59JYFW0PVBw	India should agree for production of 114 Rafel aircraft indegenously with a assurance to assist in hastening production of Indian 5th generation aircraft HAL AMCA and repurchase of minimum numbers. This will be a win win situation as regards to the cost of production . We should induct both Rafel and AMCA 5th generation aircraft by 2016/2017.	[0.013915689662098885, 0.3572929799556732, 0.6287912726402283]	NEWS & POLITICS
https://www.youtube.com/watch?v=59JYFW0PVBw	French Defence Minister Florence Parly, welcome to India, have a nice time here.	[0.0018681896617636085, 0.03015354834496975, 0.9679783582687378]	NEWS & POLITICS
https://www.youtube.com/watch?v=59JYFW0PVBw	How about the F-35 or F-22? I bet India would like those.	[0.014235620386898518, 0.4343850910663605, 0.5513793230056763]	NEWS & POLITICS
https://www.youtube.com/watch?v=6aMRQGwiuo8	*Waw this is lovely ‚ù§ I'm so happy ‚ò∫Ô∏è my life is totally changed. I've been earning $10,250 returns from my $4,000 Investment every 13 days*	[0.0016896489541977644, 0.006748860236257315, 0.9915614724159241]	NEWS & POLITICS
https://www.youtube.com/watch?v=6aMRQGwiuo8	Thank you President Biden, you got this...	[0.0025371930096298456, 0.04506232216954231, 0.9524004459381104]	NEWS & POLITICS
https://www.youtube.com/watch?v=6aMRQGwiuo8	I stand for the flag because through the blessing of God and acknowledgement of the biblical principles that this country was founded on we can as a country show the world the glory that awaits those who stand as beacons of light in a dark pagan world.	[0.002848514588549733, 0.08225918561220169, 0.9148922562599182]	NEWS & POLITICS
https://www.youtube.com/watch?v=6aMRQGwiuo8	2022 January crypto price now should be in every wise individuals list, in some weekly time you'll be ecstatic with the decision you made today: great job.	[0.0023972068447619677, 0.0313154011964798, 0.9662872552871704]	NEWS & POLITICS
https://www.youtube.com/watch?v=6aMRQGwiuo8	Let‚Äôs go Brandon üá∫üá∏	[0.0019879057072103024, 0.10382472723722458, 0.894187331199646]	NEWS & POLITICS
https://www.youtube.com/watch?v=6aMRQGwiuo8	Despite the economic crisis, this is Still a good time to invest in Gold and crypto	[0.004622407257556915, 0.08734074234962463, 0.9080368280410767]	NEWS & POLITICS
https://www.youtube.com/watch?v=6aMRQGwiuo8	Thank you Brandon!	[0.0013930249260738492, 0.029690738767385483, 0.9689162373542786]	NEWS & POLITICS
https://www.youtube.com/watch?v=0FCLWh78QI0	God please bless the orphans	[0.012496125884354115, 0.18339326977729797, 0.8041105270385742]	NEWS & POLITICS
https://www.youtube.com/watch?v=0FCLWh78QI0	Remarkable family!!!	[0.003439513500779867, 0.041064709424972534, 0.9554958939552307]	NEWS & POLITICS
https://www.youtube.com/watch?v=T4Hp-cQ6MJM	My father went to the Vietnam War he came back pretty normal he did his family and he has 45 years married with my mom I don't know why men in this era are suffering from all this stuff but hopefully they'll get better, I just probably get to have a very strong father physically and mentally God bless him one of a kind, and very proud of him üí™	[0.022402754053473473, 0.10896573960781097, 0.8686315417289734]	NEWS & POLITICS
https://www.youtube.com/watch?v=dJ4ZS4GSX5I	This makes me appreciate my life I‚Äôm so ungrateful	[0.10114012658596039, 0.18119806051254272, 0.7176619172096252]	NEWS & POLITICS
https://www.youtube.com/watch?v=dJ4ZS4GSX5I	Lord Jesus help restore hope in these people lives	[0.009385833516716957, 0.24857470393180847, 0.7420393824577332]	NEWS & POLITICS
https://www.youtube.com/watch?v=dJ4ZS4GSX5I	Even though my country has it's bad moments, I'm grateful to live in America where we don't suffer the tragedy of tsunamis.	[0.11643580347299576, 0.32875561714172363, 0.5548085570335388]	NEWS & POLITICS
https://www.youtube.com/watch?v=dJ4ZS4GSX5I	OMG!! I want to help in any way possible!!!	[0.0029773875139653683, 0.07427503913640976, 0.9227476119995117]	NEWS & POLITICS
https://www.youtube.com/watch?v=vxLCWnqvD5s	Olympics will be fine	[0.012400133535265923, 0.2582034468650818, 0.729396402835846]	NEWS & POLITICS
https://www.youtube.com/watch?v=vxLCWnqvD5s	So considerate of covid to ease up just in time for the Olympics.	[0.0177809726446867, 0.3335573971271515, 0.6486616730690002]	NEWS & POLITICS
https://www.youtube.com/watch?v=5HTTgUMltww	they love sharks though.. they said they are friendly creatures..	[0.013837096281349659, 0.16670751571655273, 0.8194555044174194]	NEWS & POLITICS
